source,relation,target,when,src,note,check,quote
cf.academy,generatesDemandAt,ix.stMary,평일 15:30~19:00,현장 지식,,,
cf.academy,ofType,ct.fixedEvent,,현장 지식,,,
cf.fountain,generatesDemandAt,ix.banpoBridgeS,토 19:00~21:00 (4~10월),현장 지식,,,
cf.fountain,ofType,ct.fixedEvent,,현장 지식,,,
cf.expressTerminal,generatesDemandAt,ix.samhoGarden,06~23시 10분 간격(정각·30분이 조금 더),현장 지식,,시각 = 실측(TAGO 2026-10-02) · 이 교차로 정체로 이어지는지 = 확인 필요,
cf.expressTerminal,ofType,ct.timetable,,현장 지식,,,
cf.shinsegae,generatesDemandAt,ix.terminalUnder,17시~,현장 지식,,,
cf.shinsegae,ofType,ct.lifeRhythm,,현장 지식,,,
cf.banpodaeroStructure,ofType,ct.network,,현장 지식,,,
ix.banpoBridgeS,feeds,sg.banpo.S.bridge2terminal,,실측,,,
sg.banpo.S.bridge2terminal,drainsInto,ix.terminalUnder,,실측,,,
ix.terminalUnder,feeds,sg.banpo.S.terminal2stMary,,실측,,,
sg.banpo.S.terminal2stMary,drainsInto,ix.stMary,,실측,,,
ix.stMary,feeds,sg.sapyeong.E.stMary2samho,,실측,,,
ix.stMary,feeds,sg.banpo.S.stMary2police,,실측,,,
sg.sapyeong.W.samho2stMary,drainsInto,ix.stMary,,실측,,,
sg.sapyeong.E.stMary2samho,spillsBackTo,sg.banpo.S.terminal2stMary,사평대로가 못 받을 때,현장 지식,,,
sg.banpo.S.terminal2stMary,spillsBackTo,sg.banpo.S.bridge2terminal,역류가 길어질 때,현장 지식,,,
br.terminalRamp,upstreamOf,ix.stMary,,실측,,,
br.terminalRamp,branchesTo,dt.sinbanpo,,실측,,,
br.bridgeSouth,upstreamOf,ix.terminalUnder,,실측,,,
dt.sapyeongUnderpass,bypasses,ix.stMary,,2차 자료,,,
ms.stMaryMetering,modifies,ix.stMary,,현장 지식,,,
ms.coneLaneDrop,modifies,sg.banpo.S.bridge2terminal,,현장 지식,,,
ms.policeRedLead,modifies,ix.seochoPolice,,현장 지식,,,
ix.supremeProsecutors,satelliteOf,ix.seochoPolice,,실측,T-GIS 연동교차로코드 1028 → 1026. 「상류 적색 선행」(서초경찰서 앞 적색을 15초 먼저)은 이 한 쌍 안의 시차다 — 게임에는 아직 연동이 없다(교차로마다 시계가 따로 돈다),,
ix.stMary,linkedWith,ix.seochoPolice,,확인 필요,,,
cs.stMaryWeekday,causedBy,cf.academy,,현장 지식,,,
cs.stMaryWeekday,mitigatedBy,ms.stMaryMetering,,현장 지식,,,
cs.banpoOutbound,causedBy,cf.banpodaeroStructure,,현장 지식,,,
cs.banpoOutbound,mitigatedBy,ms.policeRedLead,,현장 지식,,,
cs.fountainSat,causedBy,cf.fountain,,현장 지식,,,
cs.fountainSat,mitigatedBy,ms.coneLaneDrop,,현장 지식,,,
cs.samhoHalfHour,causedBy,cf.expressTerminal,,가설,,,
cs.shinsegaeEvening,causedBy,cf.shinsegae,,현장 지식,,,
cs.stMaryWeekday,observedAt,ix.stMary,,현장 지식,사례 칸에서 뽑음,,
cs.banpoOutbound,observedAt,ix.seochoPolice,,현장 지식,사례 칸에서 뽑음,,
cs.fountainSat,observedAt,ix.banpoBridgeS,,현장 지식,사례 칸에서 뽑음,,
cs.samhoHalfHour,observedAt,ix.samhoGarden,,현장 지식,사례 칸에서 뽑음,,
cs.shinsegaeEvening,observedAt,ix.terminalUnder,,현장 지식,사례 칸에서 뽑음,,
