id,class,name,alias,src,when,clock,valid,detail,quote,lat,lon,gameNode
br.terminalRamp,Branch,강남터미널고가 앞 갈림(고가 위 직진 / 아래 측도),,실측,,,,,,,,
br.bridgeSouth,Branch,반포대교남단 갈림(한강공원 주차장 · 반포대로 남행 · 올림픽대로),,현장 지식,,,,,,,,
dt.sapyeongUnderpass,Detour,사평지하차도,,2차 자료,,,,지하차도(사평대로가 반포대로 밑을 지남),,,,
dt.sinbanpo,Detour,신반포로,,실측,,,,간선,,,,
cf.academy,CauseFacility,삼호가든·궁전사거리 학원가,,현장 지식,,,,평일 16시 수업 → 15:30~19:00 학원차·학부모 차량,,,,
cf.fountain,CauseFacility,반포 달빛무지개분수(반포한강공원),,실측,,,,"{""minutesEach"":20,""offSeason"":{""period"":""3월 15일~5월, 10월"",""times"":[""12:00"",""19:30"",""20:00"",""20:30"",""21:00""]},""peakSeason"":{""period"":""6~9월"",""times"":[""12:00"",""19:30"",""20:00"",""20:30"",""21:00"",""21:30""]},""sameEveryDay"":true}",,,,
cf.expressTerminal,CauseFacility,서울고속버스터미널·센트럴시티,,실측,,"{""days"":[0,1,2,3,4,5,6],""every"":10,""from"":""06:00"",""quote"":""TAGO 시간표 — 10분 단위 시각 출발 63.1%"",""src"":""실측"",""to"":""23:59""}",,06~23시 10분 단위 시각(:00·:10·:20·:30·:40·:50)에 출발이 몰린다 — 평일 63.1%(고르게 나뉘면 10%). 정각·30분은 각 12.7%·11.3%로 다른 10분 시각 평균 9.8%의 1.30배·1.16배. 15~19시 출발은 시간당 45~50대로 낮 08~14시(42~51대)와 같다. 서울 도착은 정각·30분 집중 없음(1.02배·1.00배).,,37.507432,127.009026,
cf.shinsegae,CauseFacility,신세계백화점 강남점 일대,,현장 지식,,,,17시~ 인근 주민 차량(모임·식사·쇼핑),,,,
cf.banpodaeroStructure,CauseFacility,반포대로 도로망 구조,,현장 지식,,,,상시,,,,
ix.banpoBridgeS,Intersection,반포대교남단,,실측,,,,,,37.509924,126.998765,
ix.terminalUnder,Intersection,고속터미널 사거리,"[""강남터미널고가밑""]",실측,,,,,,37.50495,127.00126,"[2,0]"
ix.stMary,Intersection,서울성모병원사거리,,실측,,,,,,37.502,127.00347,"[2,1]"
ix.samhoGarden,Intersection,삼호가든사거리,,실측,,,,,,37.504767,127.010387,"[3,1]"
ix.gungjeon,Intersection,궁전사거리,"[""궁전가든""]",실측,,,,,,37.502609,127.011491,
ix.seochoPolice,Intersection,서초경찰서 앞,,실측,,,,,,37.495571,127.005808,
ix.supremeProsecutors,Intersection,대검찰청 앞,"[""서초경찰서(연등)""]",실측,,,,,,37.494093,127.006534,
ms.coneLaneDrop,Measure,라바콘 원거리 차로 축소,,현장 지식,,,"{""from"":null,""src"":""확인 필요"",""to"":null}",원거리에서 차로를 줄여 하류가 소화 가능한 양으로 미리 감축,라바콘 차로 축소 · 한강공원 방향 · 원거리에서 차로를 줄여 소화 가능한 양으로 미리 감축 · 연동 영향 없음,,,
ms.stMaryMetering,Measure,신호 유입 조절,,현장 지식,,"{""days"":[1,2,3,4,5],""from"":null,""note"":""시작 시각은 설계서에 없다"",""to"":""19:00""}","{""from"":null,""note"":""변경 일자(시설담당)"",""src"":""확인 필요"",""to"":null}",직좌 동시신호 후 5초 뒤 좌회전만 · 평일 19시까지 · 사평대로 소화량 기준,"신호 유입 조절 · 서울성모병원사거리 · 직좌 동시신호 후 5초 뒤 좌회전만, 평일 19시까지 · 연동 영향 작음",,,
ms.policeRedLead,Measure,상류 적색 선행,,현장 지식,,,"{""from"":null,""note"":""변경 일자(시설담당)"",""src"":""확인 필요"",""to"":null}",반포대로 외곽방향 서초경찰서 앞(T-GIS 1026) 적색을 대검찰청 앞(서초경찰서(연등) 1028 — 그 종속 신호)보다 15초 먼저,상류 적색 선행 · 반포대로 외곽방향 서초경찰서 앞 · 경찰서 앞 적색을 대검찰청보다 15초 먼저 · 연동 영향 작음,,,
sg.banpo.S.bridge2terminal,Segment,,,,,,,,,,,
sg.banpo.S.terminal2stMary,Segment,,,,,,,,,,,
sg.banpo.S.stMary2police,Segment,,,,,,,,,,,
sg.sapyeong.E.stMary2samho,Segment,,,,,,,,,,,
sg.sapyeong.W.samho2stMary,Segment,,,,,,,,,,,
ct.timetable,CauseType,정해진 시간표,,,,,,주기적 반복 → 주기에 맞춰 사전 배치,,,,
ct.fixedEvent,CauseType,고정 시각 이벤트,,,,,,하루 한 번 집중 → 시작 전 유입 조절,,,,
ct.lifeRhythm,CauseType,생활 리듬,,,,,,사방에서 개별 차량 수렴 → 진입부·주차 대기 관리,,,,
ct.network,CauseType,도로망 구조,,,,,,시간 무관 상시 쏠림 → 신호 연동 내 미세 조정,,,,
cs.stMaryWeekday,CongestionCase,학원 16시 수업 — 학원차·학부모 차량이 사평지하차도 대신 상부로 몰려 꼬리물기,,현장 지식,"{""days"":""평일"",""time"":""15:30~19:00""}","{""days"":[1,2,3,4,5],""from"":""15:30"",""to"":""19:00""}",,많이 개선,서울성모병원사거리 · 평일 15:30~19:00 · 삼호가든·궁전사거리 학원가 16시 수업. 학원차·학부모 차량이 사평지하차도 대신 상부로 몰려 꼬리물기 · 신호 유입 조절 (사평대로 소화량 기준) · 많이 개선,,,
cs.banpoOutbound,CongestionCase,반포대로 외곽방향 서초경찰서 앞~대검찰청 — 중앙버스전용차로가 없는 반포대로로 일반 차량 쏠림,,현장 지식,"{""days"":""매일"",""time"":""상시""}","{""always"":true}",,많이 개선,반포대로 외곽방향 서초경찰서 앞~대검찰청 · 상시 · 강남권 남북 주요 도로 중 반포대로만 중앙버스전용차로가 없어 일반 차량 쏠림 · 상류 적색 15초 선행 · 많이 개선,,,
cs.fountainSat,CongestionCase,한강공원 분수쇼 주차장 진입 대기 — 반포대교남단에서 서울성모병원사거리 쪽으로 대기열 역류,,현장 지식,"{""days"":""토요일"",""months"":[4,5,6,7,8,9,10],""time"":""19:00~21:00""}","{""days"":[6],""from"":""19:00"",""months"":[4,5,6,7,8,9,10],""stopIf"":""분수 운영 중지 조건(cf.fountain.stopWhen) — 비·강풍이면 분수가 서므로 이 수요도 없다(설계값)"",""to"":""21:00""}",,21시경 정상화,반포대교남단~서울성모병원사거리 · 토요일 19:00~21:00 (4~10월) · 한강공원 분수쇼 주차장 진입 대기 · 라바콘 원거리 차로 축소 · 21시경 정상화,,,
cs.samhoHalfHour,CongestionCase,고속버스 정시·30분 출발,,현장 지식,"{""days"":""매일"",""time"":""매시 정각·30분""}","{""days"":[0,1,2,3,4,5,6],""every"":10,""from"":""06:00"",""to"":""23:59""}",, · TAGO 로 부분 확인(2026-10-02) — 10분 간격 출발 · 정각·30분은 1.2~1.3배 · 이 교차로 정체와의 연결은 구간 속도 자료로 아직 확인 못 함,삼호가든사거리 · 매시 정시·30분 · 고속버스 정시·30분 출발 · — · —,,,
cs.shinsegaeEvening,CongestionCase,인근 주민이 각자 차를 몰고 와 모임·식사·쇼핑,,현장 지식,"{""days"":""평일(주말 확인 필요)"",""time"":""17시~""}","{""days"":[1,2,3,4,5],""from"":""17:00"",""note"":""끝 시각·주말 여부는 확인 필요 — 게임은 21:00 까지로 본다(설계값)"",""to"":null}",,,신세계백화점 일대 · 17시~ · 인근 주민이 각자 차를 몰고 와 모임·식사·쇼핑 · — · —,,,
sc.academy,Scenario,학원 시간,,,,,,원인은 교통 밖에 있다,,,,
sc.fountain,Scenario,토요일 분수쇼,,,,,,막힌 곳 말고 갈림길에서,,,,
sc.ambulance,Scenario,구급차,,,,,,정체는 생명 문제다,,,,
sc.signalGreed,Scenario,신호 욕심,,,,,,신호는 사슬로 묶여 있다,,,,
sc.sameIntersection,Scenario,같은 교차로,,,,,,원인이 다르면 답도 다르다,,,,
